{"cameraMode":{"drawMode":0,"name":"Shaded","section":"Shading Mode"},"sceneLighting":true,"audioPlay":false,"sceneViewState":{"showFog":false,"showMaterialUpdate":false,"showSkybox":false,"showFlares":false,"showImageEffects":false,"showParticleSystems":false},"in2DMode":false,"pivot":{"x":-900.4082641601563,"y":-90.01228332519531,"z":133.5389404296875},"rotation":{"x":-0.08860667049884796,"y":0.04390937089920044,"z":-0.003909879829734564,"w":-0.9950919151306152},"size":1509.3106689453125,"orthographic":false}