{"cameraMode":{"drawMode":0,"name":"Shaded","section":"Shading Mode"},"sceneLighting":true,"audioPlay":false,"sceneViewState":{"showFog":false,"showMaterialUpdate":false,"showSkybox":false,"showFlares":false,"showImageEffects":false,"showParticleSystems":false},"in2DMode":false,"pivot":{"x":-19.09998321533203,"y":131.85923767089845,"z":-68.72862243652344},"rotation":{"x":-0.0938800498843193,"y":0.6185163259506226,"z":-0.07477451860904694,"w":-0.7765522599220276},"size":4.57980489730835,"orthographic":false}