{"cameraMode":{"drawMode":0,"name":"Shaded","section":"Shading Mode"},"sceneLighting":false,"audioPlay":false,"sceneViewState":{"showFog":false,"showMaterialUpdate":false,"showSkybox":false,"showFlares":false,"showImageEffects":false,"showParticleSystems":false},"in2DMode":false,"pivot":{"x":-19.09998321533203,"y":131.85923767089845,"z":-68.72862243652344},"rotation":{"x":-0.08860667049884796,"y":0.04390937089920044,"z":-0.003909879829734564,"w":-0.9950919151306152},"size":2.8578836917877199,"orthographic":false}